QuestionID,Category,Type,Question,OptionA,OptionB,OptionC,OptionD,Answer,Explanation,Source,QuestionImage,OptionImageA,OptionImageB,OptionImageC,OptionImageD,Score,Difficulty,LearningObjective,Keyword
"Q001","配膳","文字選擇","依本教學範例，中湯匙的直徑約為多少？","9 cm","8.5 cm","7 cm","6 cm","B","範例廚房中湯匙直徑約 8.5 cm；實際操作請以院內工具標示與配膳規範為準。","","","","","","","10","簡單","中湯匙尺寸辨識","配膳份量"
"Q002","配膳","文字選擇","依本教學範例，大湯匙的直徑約為多少？","9 cm","8.5 cm","7 cm","6 cm","A","本範例大湯匙直徑約 9 cm。不同工具的尺寸與容量未必相同，應核對院內標示。","","","","","","","10","簡單","大湯匙尺寸辨識","配膳份量"
"Q003","配膳","文字選擇","依本教學範例，小湯匙的直徑約為多少？","9 cm","8.5 cm","7 cm","6 cm","C","本範例小湯匙直徑約 7 cm。正式訓練請使用院內核定的餐具資料。","","","","","","","10","簡單","小湯匙尺寸辨識","配膳份量"
"Q004","配膳","文字選擇","不同餐別的配膳份量，應依什麼決定？","一律用相同份量","依院內核定的餐別份量標準","依配膳員的喜好","只看餐盤大小","B","先確認餐別，再依院內核定的份量標準及指定工具進行配膳。","","","","","","","10","中等","依標準判斷份量","配膳份量"
"Q005","配膳","文字選擇","看到餐盤份量明顯高於配膳標準時，應如何處理？","照常送出","把其他餐盤也加量","核對標準並調整份量","改用更大的餐盤","C","應核對該餐別的標準份量並調整，避免靠目測或習慣決定。","","","","","","","10","中等","份量異常處理","配膳份量"
"Q006","配膳","文字選擇","配膳開始前，應如何選擇盛裝工具？","拿最順手的工具即可","只選最大的工具","依該餐別配膳標準選擇指定工具","每份隨機選工具","C","確認該餐別的院內配膳標準，使用指定且標示清楚的工具。","","","","","","","10","簡單","配膳工具選擇","配膳份量"
"Q007","配膳","文字選擇","同一種湯匙盛裝時，哪個做法較能維持份量一致？","每次堆得越高越好","依院內核定的盛裝方式操作","每次盛裝方法都不同","只看顏色決定份量","B","工具相同仍可能因平匙、滿匙或堆高而有不同份量；應統一採院內核定方式。","","","","","","","10","中等","盛裝方式一致性","配膳份量"
"Q008","配膳","文字選擇","不確定新餐別的配膳份量時，應如何處理？","沿用上一份餐別的份量","依個人經驗猜測","查核院內份量標準並向負責人確認","一律多放一匙","C","不同餐別可能有不同份量。應查核標準，必要時向負責人確認後再操作。","","","","","","","10","簡單","餐別份量確認","配膳份量"
"Q009","配膳","圖文選擇","圖片示意四種工具標示，哪一個是範例的中湯匙？","大湯匙 9 cm","中湯匙 8.5 cm","小湯匙 7 cm","未標示工具","B","B 標示為中湯匙 8.5 cm。示意圖不代表實際大小，辨識時請核對工具標示。","","","questions/spoon-large.svg","questions/spoon-medium.svg","questions/spoon-small.svg","questions/spoon-unknown.svg","10","簡單","中湯匙圖片辨識","配膳份量"
"Q010","配膳","圖文選擇","此題示意標準份量為 2 份。哪個餐盤符合示意標準？","1 份","2 份","3 份","4 份","B","B 為 2 份，符合此題的示意標準。此圖僅練習份量辨識，正式餐別請替換成院內照片與核定份量。","","","questions/portion-1.svg","questions/portion-2.svg","questions/portion-3.svg","questions/portion-4.svg","10","中等","標準份量圖片辨識","配膳份量"
"Q011","配膳","圖文選擇","此題示意標準份量為 2 份。哪張圖片的份量不足？","1 份","2 份","3 份","4 份","A","A 為 1 份，低於本題示意標準 2 份。正式配膳應依院內核定份量。","","","questions/portion-1.svg","questions/portion-2.svg","questions/portion-3.svg","questions/portion-4.svg","10","簡單","不足份量辨識","配膳份量"
"Q012","配膳","圖文選擇","圖中工具標示為中湯匙。它在本教學範例中的直徑為多少？","9 cm","8.5 cm","7 cm","6 cm","B","中湯匙的範例直徑約 8.5 cm。工具尺寸不是份量換算公式，實際份量仍依院內標準。","questions/spoon-medium.svg","questions/spoon-medium.svg","","","","","10","簡單","題目圖片辨識","配膳份量"